,cell_id,level1
0,M1.1.AAAGGGCTCGCATAGT_1,Cardiomyocyte cell
1,M1.1.AAAGGTAAGCTTAGTC_1,Cardiomyocyte cell
2,M1.1.AACTTCTAGTTGCCTA_1,Cardiomyocyte cell
3,M1.1.AATAGAGAGCGGATCA_1,Cardiomyocyte cell
4,M1.1.ACGGTCGCACAATGAA_1,Cardiomyocyte cell
5,M1.1.ACGTAACGTATCGATC_1,Cardiomyocyte cell
6,M1.1.ACGTAACTCGACCACG_1,Cardiomyocyte cell
7,M1.1.ACTCCCAGTACGACTT_1,Cardiomyocyte cell
8,M1.1.ACTGTGATCATGGGAG_1,Cardiomyocyte cell
9,M1.1.AGACACTGTCAAAGAT_1,Cardiomyocyte cell
10,M1.1.AGACCATGTCTGTCAA_1,Cardiomyocyte cell
11,M1.1.AGACCATTCAAGAAAC_1,Cardiomyocyte cell
12,M1.1.AGACCCGCATTACGGT_1,Cardiomyocyte cell
13,M1.1.AGCTTCCCACCTTCGT_1,Cardiomyocyte cell
14,M1.1.AGTTCGAAGGGCCCTT_1,Cardiomyocyte cell
15,M1.1.ATACCGACACCAGCTG_1,Cardiomyocyte cell
16,M1.1.ATAGGCTGTGTGGTCC_1,Cardiomyocyte cell
17,M1.1.ATCATTCTCTTCTCAA_1,Cardiomyocyte cell
18,M1.1.ATCCACCGTGACAACG_1,Cardiomyocyte cell
19,M1.1.ATCCCTGTCATTTGCT_1,Cardiomyocyte cell
20,M1.1.ATTATCCGTGAGAGGG_1,Cardiomyocyte cell
21,M1.1.ATTCCTATCTGTAACG_1,Cardiomyocyte cell
22,M1.1.ATTGTTCTCTTCCTAA_1,Cardiomyocyte cell
23,M1.1.ATTTCACCATCGAACT_1,Cardiomyocyte cell
24,M1.1.CAACCTCGTTCGTACA_1,Cardiomyocyte cell
25,M1.1.CAACGGCCACACTGGC_1,Cardiomyocyte cell
26,M1.1.CAATACGCACTTTATC_1,Cardiomyocyte cell
27,M1.1.CAATTTCCAAGCCCAC_1,Cardiomyocyte cell
28,M1.1.CACTTCGCAAACGGCA_1,Cardiomyocyte cell
29,M1.1.CATACTTCAGGCGTTC_1,Cardiomyocyte cell
30,M1.1.CATTCATAGAACCGCA_1,Cardiomyocyte cell
31,M1.1.CCACCATGTTTCGTTT_1,Cardiomyocyte cell
32,M1.1.CCACGAGTCTCCCAAC_1,Cardiomyocyte cell
33,M1.1.CCACTTGCAGCAATTC_1,Cardiomyocyte cell
34,M1.1.CCGATGGTCGTCCTTG_1,Cardiomyocyte cell
35,M1.1.CCGTAGGAGAATAACC_1,Cardiomyocyte cell
36,M1.1.CCTGCATGTGGGCTCT_1,Cardiomyocyte cell
37,M1.1.CTACCCAGTAGTCCTA_1,Cardiomyocyte cell
38,M1.1.CTGCTCAGTCAGTTTG_1,Cardiomyocyte cell
39,M1.1.CTTAGGATCGTTCGCT_1,Cardiomyocyte cell
40,M1.1.CTTCTCTCAGCCGTTG_1,Cardiomyocyte cell
41,M1.1.GAAGCCCCAGCGAGTA_1,Cardiomyocyte cell
42,M1.1.GACCCAGCACGCGCTA_1,Cardiomyocyte cell
43,M1.1.GAGTTACTCTCTCGAC_1,Cardiomyocyte cell
44,M1.1.GATCACAAGGCTCTAT_1,Cardiomyocyte cell
45,M1.1.GCATCGGAGAAATGGG_1,Cardiomyocyte cell
46,M1.1.GCCATGGTCGCGTCGA_1,Cardiomyocyte cell
47,M1.1.GGAATGGTCTGGACTA_1,Cardiomyocyte cell
48,M1.1.GGTGAAGCACGCGCTA_1,Cardiomyocyte cell
49,M1.1.GTGGAAGTCAACCTTT_1,Cardiomyocyte cell
50,M1.1.GTGTGATGTCGTCAGC_1,Cardiomyocyte cell
51,M1.1.TAAGCACAGCCTGGAA_1,Cardiomyocyte cell
52,M1.1.TACTTGTCATGAATCC_1,Cardiomyocyte cell
53,M1.1.TAGATCGCATGGCGCT_1,Cardiomyocyte cell
54,M1.1.TATCTGTAGCCTTGAT_1,Cardiomyocyte cell
55,M1.1.TCATCATTCCATACAG_1,Cardiomyocyte cell
56,M1.1.TCCAGAAAGCCTTGAT_1,Cardiomyocyte cell
57,M1.1.TCCGAAAAGACCAAGC_1,Cardiomyocyte cell
58,M1.1.TCCTAATGTATGACAA_1,Cardiomyocyte cell
59,M1.1.TCGACCTCATATCTCT_1,Cardiomyocyte cell
60,M1.1.TCTGGCTGTTGCTCAA_1,Cardiomyocyte cell
61,M1.1.TCTTAGTTCCGAAATC_1,Cardiomyocyte cell
62,M1.1.TGACCCTAGGAGTACC_1,Cardiomyocyte cell
63,M1.1.TGAGTCAAGAGCAGCT_1,Cardiomyocyte cell
64,M1.1.TGATCAGAGGATCATA_1,Cardiomyocyte cell
65,M1.1.TGATTTCAGGAGACCT_1,Cardiomyocyte cell
66,M1.1.TGCATGATCATGAGGG_1,Cardiomyocyte cell
67,M1.1.TGCTCCAGTCCACGCA_1,Cardiomyocyte cell
68,M1.1.TTACTGTTCGCAATTG_1,Cardiomyocyte cell
69,M1.1.TTCAGGACAACTGCCG_1,Cardiomyocyte cell
70,M1.1.TTCCGGTCAATTGAGA_1,Cardiomyocyte cell
71,M1.1.TTGAGTGAGTTCATGC_1,Cardiomyocyte cell
72,M1.1.TTGCATTCATCTGTTT_1,Cardiomyocyte cell
73,M1.1.TTGCGTCCATCTTCGC_1,Cardiomyocyte cell
74,M1.1.TTGTTTGGTCCCGCAA_1,Cardiomyocyte cell
75,M1.1.TTGTTTGGTTTCCATT_1,Cardiomyocyte cell
76,M1.2.AAAGTGAAGCTCATAC_1,Cardiomyocyte cell
77,M1.2.AAAGTGACATACACCA_1,Cardiomyocyte cell
78,M1.2.AAATGGACACAGTGTT_1,Cardiomyocyte cell
79,M1.2.AACAAAGAGCTAAGTA_1,Cardiomyocyte cell
80,M1.2.AACAAAGTCAGCGCAC_1,Cardiomyocyte cell
81,M1.2.AACACACCATAGTCAC_1,Cardiomyocyte cell
82,M1.2.AACACACGTGTATTGC_1,Cardiomyocyte cell
83,M1.2.AACCATGCACCGTGAC_1,Cardiomyocyte cell
84,M1.2.AACCATGGTGATTGGG_1,Cardiomyocyte cell
85,M1.2.AACCCAACAGCGCGTT_1,Cardiomyocyte cell
86,M1.2.AACCTTTCACTGCGTG_1,Cardiomyocyte cell
87,M1.2.AACGAAACACCAGTAT_1,Cardiomyocyte cell
88,M1.2.AACGGGACAGTGCGCT_1,Cardiomyocyte cell
89,M1.2.AACGGGACATCCGGCA_1,Cardiomyocyte cell
90,M1.2.AAGACTCGTTCGGTCG_1,Cardiomyocyte cell
91,M1.2.AAGCATCAGCATTTCG_1,Cardiomyocyte cell
92,M1.2.AAGCCATAGCCTCTCT_1,Cardiomyocyte cell
93,M1.2.AAGCGAGAGCCTCTGG_1,Cardiomyocyte cell
94,M1.2.AAGCGTTCAAGCACAG_1,Cardiomyocyte cell
95,M1.2.AAGGAATGTCCCGTGA_1,Cardiomyocyte cell
96,M1.2.AAGTACCAGTGCCGAA_1,Cardiomyocyte cell
97,M1.2.AAGTCGTTCAGCTGAT_1,Cardiomyocyte cell
98,M1.2.AAGTTCGGTCGCGTTG_1,Cardiomyocyte cell
99,M1.2.AATGACCCATCGCCTT_1,Cardiomyocyte cell
100,M1.2.AATTCCTAGATAGCTA_1,Cardiomyocyte cell
101,M1.2.AATTCCTCAGTCGCAC_1,Cardiomyocyte cell
102,M1.2.AATTTCCAGGCTCTAT_1,Cardiomyocyte cell
103,M1.2.ACACAGTGTAGCTAAA_1,Cardiomyocyte cell
104,M1.2.ACACCAACACAAACGG_1,Cardiomyocyte cell
105,M1.2.ACACCAATCACTGCTC_1,Cardiomyocyte cell
106,M1.2.ACAGAAACACATACGT_1,Cardiomyocyte cell
107,M1.2.ACAGAAACAGAGTGTG_1,Cardiomyocyte cell
108,M1.2.ACATCCCGTAGAGATT_1,Cardiomyocyte cell
109,M1.2.ACATGCAGTGGTCTCG_1,Cardiomyocyte cell
110,M1.2.ACATGCATCAATCCAG_1,Cardiomyocyte cell
111,M1.2.ACATGCATCGTTACCC_1,Cardiomyocyte cell
112,M1.2.ACCACAACACTTTATC_1,Cardiomyocyte cell
113,M1.2.ACCACAAGTCGCAGTC_1,Cardiomyocyte cell
114,M1.2.ACCCAAATCATATGGC_1,Cardiomyocyte cell
115,M1.2.ACCCTTGAGCTGACCC_1,Cardiomyocyte cell
116,M1.2.ACCTACCCACGGTAGA_1,Cardiomyocyte cell
117,M1.2.ACCTGAACAAGACCTT_1,Cardiomyocyte cell
118,M1.2.ACGATGTTCATCACTT_1,Cardiomyocyte cell
119,M1.2.ACGCACGAGTTGTCGT_1,Cardiomyocyte cell
120,M1.2.ACGGAAGCAACTCATG_1,Cardiomyocyte cell
121,M1.2.ACGGAAGCACGCAGTC_1,Cardiomyocyte cell
122,M1.2.ACGTAGTAGACCCTTA_1,Cardiomyocyte cell
123,M1.2.ACGTAGTGTGCCGTTG_1,Cardiomyocyte cell
124,M1.2.ACGTAGTTCAGCGCAC_1,Cardiomyocyte cell
125,M1.2.ACTCCCAGTTTCGACA_1,Cardiomyocyte cell
126,M1.2.ACTCCCATCTTTCAGT_1,Cardiomyocyte cell
127,M1.2.ACTCTCGCACGGTCTG_1,Cardiomyocyte cell
128,M1.2.ACTCTCGTCACCTCAC_1,Cardiomyocyte cell
129,M1.2.ACTGTCCCAGGTCCGT_1,Cardiomyocyte cell
130,M1.2.ACTGTGAAGGACAGCT_1,Cardiomyocyte cell
131,M1.2.ACTGTGAGTGCTCCGA_1,Cardiomyocyte cell
132,M1.2.ACTGTGAGTGTATACC_1,Cardiomyocyte cell
133,M1.2.ACTTTGTCAGTAGAAT_1,Cardiomyocyte cell
134,M1.2.AGACAGGCAATAACCC_1,Cardiomyocyte cell
135,M1.2.AGAGAGCAGGGTACAC_1,Cardiomyocyte cell
136,M1.2.AGAGCCCAGCTTACGT_1,Cardiomyocyte cell
137,M1.2.AGATCCACATCTTCGC_1,Cardiomyocyte cell
138,M1.2.AGATGAAAGCCTTTCC_1,Cardiomyocyte cell
139,M1.2.AGCATCAGTAAGATAC_1,Cardiomyocyte cell
140,M1.2.AGCATCAGTATCGCGC_1,Cardiomyocyte cell
141,M1.2.AGCATCATCCTCTAAT_1,Cardiomyocyte cell
142,M1.2.AGGACGAGTGGTCTCG_1,Cardiomyocyte cell
143,M1.2.AGGACTTTCGCTACGG_1,Cardiomyocyte cell
144,M1.2.AGGAGGTCAAGTATCC_1,Cardiomyocyte cell
145,M1.2.AGGCCACCAGGAGGTT_1,Cardiomyocyte cell
146,M1.2.AGGCTGCCATCATCTT_1,Cardiomyocyte cell
147,M1.2.AGGGAGTAGGTAGCAC_1,Cardiomyocyte cell
148,M1.2.AGGGAGTGTATCATGC_1,Cardiomyocyte cell
149,M1.2.AGGGTCCAGCAATTCC_1,Cardiomyocyte cell
150,M1.2.AGGGTCCTCGGTGTTA_1,Cardiomyocyte cell
151,M1.2.AGGGTGATCTAAACGC_1,Cardiomyocyte cell
152,M1.2.AGGTAGGCAGGCTCTG_1,Cardiomyocyte cell
153,M1.2.AGGTCATCAGGTCAAG_1,Cardiomyocyte cell
154,M1.2.AGGTCTACAGGCCTGT_1,Cardiomyocyte cell
155,M1.2.AGGTCTAGTAACTGCT_1,Cardiomyocyte cell
156,M1.2.AGTAGCTTCAAGCCCG_1,Cardiomyocyte cell
157,M1.2.AGTCAACGTTTAGTCG_1,Cardiomyocyte cell
158,M1.2.AGTCATGAGCTCCATA_1,Cardiomyocyte cell
159,M1.2.AGTCTCCAGCGCTGAA_1,Cardiomyocyte cell
160,M1.2.AGTCTCCTCTTCTCAA_1,Cardiomyocyte cell
161,M1.2.AGTGATCCACTACTTT_1,Cardiomyocyte cell
162,M1.2.ATACCGAAGCCTCAGC_1,Cardiomyocyte cell
163,M1.2.ATACCTTAGATGCAGC_1,Cardiomyocyte cell
164,M1.2.ATAGAGACATCGTTCC_1,Cardiomyocyte cell
165,M1.2.ATAGAGAGTGAGTAGC_1,Cardiomyocyte cell
166,M1.2.ATAGGCTCAGACGGAT_1,Cardiomyocyte cell
167,M1.2.ATCACAGAGACGAAGA_1,Cardiomyocyte cell
168,M1.2.ATCACAGAGACGCAGT_1,Cardiomyocyte cell
169,M1.2.ATCACAGCAATGACCT_1,Cardiomyocyte cell
170,M1.2.ATCACGACACTTGAAC_1,Cardiomyocyte cell
171,M1.2.ATCACTTTCGAACGGA_1,Cardiomyocyte cell
172,M1.2.ATCACTTTCTAGCAAC_1,Cardiomyocyte cell
173,M1.2.ATCCACCCAGGACGAT_1,Cardiomyocyte cell
174,M1.2.ATCCATTAGTGAATAC_1,Cardiomyocyte cell
175,M1.2.ATCCGTCGTGGCTTGC_1,Cardiomyocyte cell
176,M1.2.ATCGCCTAGGTTAAAC_1,Cardiomyocyte cell
177,M1.2.ATCGGATTCCATCGTC_1,Cardiomyocyte cell
178,M1.2.ATCGGCGGTGACCGTC_1,Cardiomyocyte cell
179,M1.2.ATCGTAGCATTGTCGA_1,Cardiomyocyte cell
180,M1.2.ATGACCACATTCTGTT_1,Cardiomyocyte cell
181,M1.2.ATGACCAGTGAGAACC_1,Cardiomyocyte cell
182,M1.2.ATGAGTCTCATTTCCA_1,Cardiomyocyte cell
183,M1.2.ATGATCGCAAATACGA_1,Cardiomyocyte cell
184,M1.2.ATGATCGCACAGGATG_1,Cardiomyocyte cell
185,M1.2.ATGCATGAGCCGGAAT_1,Cardiomyocyte cell
186,M1.2.ATGCCTCTCGGTCTGG_1,Cardiomyocyte cell
187,M1.2.ATGCGATGTGGCTAGA_1,Cardiomyocyte cell
188,M1.2.ATGCGATTCCTGGGTG_1,Cardiomyocyte cell
189,M1.2.ATGGTTGAGCCAGTAG_1,Cardiomyocyte cell
190,M1.2.ATGTCCCAGACGATAT_1,Cardiomyocyte cell
191,M1.2.ATGTCCCAGACTAGAT_1,Cardiomyocyte cell
192,M1.2.ATTCACTGTAACACGG_1,Cardiomyocyte cell
193,M1.2.ATTCATCAGCAACTTC_1,Cardiomyocyte cell
194,M1.2.ATTCCCGCAATCGCGC_1,Cardiomyocyte cell
195,M1.2.ATTCCCGTCTGGTGGC_1,Cardiomyocyte cell
196,M1.2.ATTGGGTGTCCTCCTA_1,Cardiomyocyte cell
197,M1.2.ATTGTTCCAGCACAGA_1,Cardiomyocyte cell
198,M1.2.CAAAGAACACGAAGAC_1,Cardiomyocyte cell
199,M1.2.CAAAGAACATAGCTGT_1,Cardiomyocyte cell
200,M1.2.CAACGATTCCTTGACC_1,Cardiomyocyte cell
201,M1.2.CAAGAGGTCCGTATAG_1,Cardiomyocyte cell
202,M1.2.CACACAAAGTAGTCCT_1,Cardiomyocyte cell
203,M1.2.CACACAACACGAAAGC_1,Cardiomyocyte cell
204,M1.2.CACACAATCTACGGGC_1,Cardiomyocyte cell
205,M1.2.CACATGAGTCAGGAGT_1,Cardiomyocyte cell
206,M1.2.CACCAAAGTTGAGGAC_1,Cardiomyocyte cell
207,M1.2.CACGTTCCAGTCCCGA_1,Cardiomyocyte cell
208,M1.2.CACTTCGCATGCGTGC_1,Cardiomyocyte cell
209,M1.2.CACTTCGGTCCAAAGG_1,Cardiomyocyte cell
210,M1.2.CAGCACGAGCGTGTCC_1,Cardiomyocyte cell
211,M1.2.CAGCAGCCACTGAGTT_1,Cardiomyocyte cell
212,M1.2.CAGCCAGCATTAGGCT_1,Cardiomyocyte cell
213,M1.2.CAGGCCAAGATGTAGT_1,Cardiomyocyte cell
214,M1.2.CAGGTATGTGAGTTTC_1,Cardiomyocyte cell
215,M1.2.CAGTTAGCATGAATAG_1,Cardiomyocyte cell
216,M1.2.CAGTTAGTCCTTCTAA_1,Cardiomyocyte cell
217,M1.2.CATAAGCCACGAGGAT_1,Cardiomyocyte cell
218,M1.2.CATCCCATCAGTGTCA_1,Cardiomyocyte cell
219,M1.2.CATCCGTAGCTACTGT_1,Cardiomyocyte cell
220,M1.2.CATCCGTTCTATTGTC_1,Cardiomyocyte cell
221,M1.2.CATGCGGAGAGCCGTA_1,Cardiomyocyte cell
222,M1.2.CATGCGGAGGTCCCGT_1,Cardiomyocyte cell
223,M1.2.CATGCGGAGTCAGCGA_1,Cardiomyocyte cell
224,M1.2.CATGGATTCATTCGTT_1,Cardiomyocyte cell
225,M1.2.CATTCATCATAGAATG_1,Cardiomyocyte cell
226,M1.2.CATTGCCTCTCGACGG_1,Cardiomyocyte cell
227,M1.2.CATTTCACAACATACC_1,Cardiomyocyte cell
228,M1.2.CCAAGCGAGTAAGGGA_1,Cardiomyocyte cell
229,M1.2.CCAATTTAGGCTAAAT_1,Cardiomyocyte cell
230,M1.2.CCAATTTGTAGCTCGC_1,Cardiomyocyte cell
231,M1.2.CCAATTTTCCACTGGG_1,Cardiomyocyte cell
232,M1.2.CCACAAAGTCGACTGC_1,Cardiomyocyte cell
233,M1.2.CCACACTCACTCCCTA_1,Cardiomyocyte cell
234,M1.2.CCACACTGTCTCAGAT_1,Cardiomyocyte cell
235,M1.2.CCACGAGAGATAGTCA_1,Cardiomyocyte cell
236,M1.2.CCACTTGTCATCGTAG_1,Cardiomyocyte cell
237,M1.2.CCCAACTTCGGCATTA_1,Cardiomyocyte cell
238,M1.2.CCCATTGCAGCCTATA_1,Cardiomyocyte cell
239,M1.2.CCCGAAGAGACCGCCT_1,Cardiomyocyte cell
240,M1.2.CCCGAAGTCGACCACG_1,Cardiomyocyte cell
241,M1.2.CCCTAACCACGGTGTC_1,Cardiomyocyte cell
242,M1.2.CCCTCAATCGGCCTTT_1,Cardiomyocyte cell
243,M1.2.CCCTGATTCTGACGCG_1,Cardiomyocyte cell
244,M1.2.CCGATCTGTGTCCACG_1,Cardiomyocyte cell
245,M1.2.CCGATCTTCACTCTTA_1,Cardiomyocyte cell
246,M1.2.CCGCAAGCAATGTTGC_1,Cardiomyocyte cell
247,M1.2.CCTAACCTCATGCCAA_1,Cardiomyocyte cell
248,M1.2.CCTACGTTCTCCTGCA_1,Cardiomyocyte cell
249,M1.2.CCTATCGAGCATGCAG_1,Cardiomyocyte cell
250,M1.2.CCTCAGTCAAGTATAG_1,Cardiomyocyte cell
251,M1.2.CCTCATGAGCGCTGCT_1,Cardiomyocyte cell
252,M1.2.CCTCCAAAGACATAGT_1,Cardiomyocyte cell
253,M1.2.CCTCCTCCATTCGATG_1,Cardiomyocyte cell
254,M1.2.CCTGCATAGAGTCTTC_1,Cardiomyocyte cell
255,M1.2.CCTGCATGTATGGAAT_1,Cardiomyocyte cell
256,M1.2.CCTGCATGTCACGACC_1,Cardiomyocyte cell
257,M1.2.CGAATTGCACTGATTG_1,Cardiomyocyte cell
258,M1.2.CGAATTGTCGCGTGCA_1,Cardiomyocyte cell
259,M1.2.CGACAGCTCGTGGCTG_1,Cardiomyocyte cell
260,M1.2.CGAGGCTGTCCGGATC_1,Cardiomyocyte cell
261,M1.2.CGCCAGACAGGTCAAG_1,Cardiomyocyte cell
262,M1.2.CGGCAGTTCGTTCTCG_1,Cardiomyocyte cell
263,M1.2.CGGGACTCACAACGCC_1,Cardiomyocyte cell
264,M1.2.CGTAGTACAGAGATTA_1,Cardiomyocyte cell
265,M1.2.CGTCAAAAGGTCTACT_1,Cardiomyocyte cell
266,M1.2.CGTGATACAATCTGCA_1,Cardiomyocyte cell
267,M1.2.CGTTCTGAGTTAACGA_1,Cardiomyocyte cell
268,M1.2.CGTTGGGGTCCGAAGA_1,Cardiomyocyte cell
269,M1.2.CTACATTTCCGTTGAA_1,Cardiomyocyte cell
270,M1.2.CTACCTGAGACAACTA_1,Cardiomyocyte cell
271,M1.2.CTACCTGGTGTGAGCA_1,Cardiomyocyte cell
272,M1.2.CTACGGGCAAAGAACT_1,Cardiomyocyte cell
273,M1.2.CTACGGGTCCATCCGT_1,Cardiomyocyte cell
274,M1.2.CTAGACAAGGCCTGCT_1,Cardiomyocyte cell
275,M1.2.CTCAGAAGTGAGTGAC_1,Cardiomyocyte cell
276,M1.2.CTCAGAATCGACGACC_1,Cardiomyocyte cell
277,M1.2.CTCAGAATCGTCGCTT_1,Cardiomyocyte cell
278,M1.2.CTCAGGGGTCATCCCT_1,Cardiomyocyte cell
279,M1.2.CTCCCAACAAAGGCGT_1,Cardiomyocyte cell
280,M1.2.CTCCTCCGTTATAGAG_1,Cardiomyocyte cell
281,M1.2.CTCGAGGTCACTTGGA_1,Cardiomyocyte cell
282,M1.2.CTGAATGTCTGGTGCG_1,Cardiomyocyte cell
283,M1.2.CTGAGCGGTCACCGAC_1,Cardiomyocyte cell
284,M1.2.CTGATCCCAAGAGGCT_1,Cardiomyocyte cell
285,M1.2.CTGATCCCAGGTTTAC_1,Cardiomyocyte cell
286,M1.2.CTGATCCGTTGTCTAG_1,Cardiomyocyte cell
287,M1.2.CTGCATCCATTGCCTC_1,Cardiomyocyte cell
288,M1.2.CTGCCTAGTAGCTTAC_1,Cardiomyocyte cell
289,M1.2.CTGCTCAAGGCTCACC_1,Cardiomyocyte cell
290,M1.2.CTGTACCGTACCCAGC_1,Cardiomyocyte cell
291,M1.2.CTGTACCTCCATGATG_1,Cardiomyocyte cell
292,M1.2.CTTACCGGTAGGTGCA_1,Cardiomyocyte cell
293,M1.2.CTTACCGTCATCACCC_1,Cardiomyocyte cell
294,M1.2.CTTCAATTCTCACGAA_1,Cardiomyocyte cell
295,M1.2.CTTCAATTCTTCACGC_1,Cardiomyocyte cell
296,M1.2.CTTCTCTAGTCGAAAT_1,Cardiomyocyte cell
297,M1.2.CTTCTCTTCTAGAGCT_1,Cardiomyocyte cell
298,M1.2.CTTGATTGTACCCACG_1,Cardiomyocyte cell
299,M1.2.CTTTCAATCTACGCAA_1,Cardiomyocyte cell
300,M1.2.CTTTCGGAGCCTGTCG_1,Cardiomyocyte cell
301,M1.2.GAAATGAAGAGCTGCA_1,Cardiomyocyte cell
302,M1.2.GAACACTTCCTCTGCA_1,Cardiomyocyte cell
303,M1.2.GACATCATCACCGGTG_1,Cardiomyocyte cell
304,M1.2.GACCAATCAGAAACCG_1,Cardiomyocyte cell
305,M1.2.GACCCTTAGGTCCCGT_1,Cardiomyocyte cell
306,M1.2.GACCGTGAGCGTCTCG_1,Cardiomyocyte cell
307,M1.2.GACTCTCGTTCAGTAC_1,Cardiomyocyte cell
308,M1.2.GACTGATCAAGCAGGT_1,Cardiomyocyte cell
309,M1.2.GAGAAATAGCATCAAA_1,Cardiomyocyte cell
310,M1.2.GAGAAATCACCTAAAC_1,Cardiomyocyte cell
311,M1.2.GAGAAATGTCTGATCA_1,Cardiomyocyte cell
312,M1.2.GAGACTTCAGTTGCGC_1,Cardiomyocyte cell
313,M1.2.GAGCTGCAGGCTAGCA_1,Cardiomyocyte cell
314,M1.2.GAGGGATTCTTCCAGC_1,Cardiomyocyte cell
315,M1.2.GAGGGTACAATACAGA_1,Cardiomyocyte cell
316,M1.2.GAGTCATTCTGAGTCA_1,Cardiomyocyte cell
317,M1.2.GAGTTTGAGGATTTCC_1,Cardiomyocyte cell
318,M1.2.GAGTTTGCACCCGTAG_1,Cardiomyocyte cell
319,M1.2.GATAGCTAGGGAGTTC_1,Cardiomyocyte cell
320,M1.2.GATCAGTAGAATAACC_1,Cardiomyocyte cell
321,M1.2.GATCCCTAGTACCATC_1,Cardiomyocyte cell
322,M1.2.GATCCCTGTCAACACT_1,Cardiomyocyte cell
323,M1.2.GATGAGGTCAGCTGAT_1,Cardiomyocyte cell
324,M1.2.GATGGAGTCAAATGAG_1,Cardiomyocyte cell
325,M1.2.GATGTTGCAAGAGTGC_1,Cardiomyocyte cell
326,M1.2.GATTTCTGTGGACCAA_1,Cardiomyocyte cell
327,M1.2.GATTTCTGTGTGAATA_1,Cardiomyocyte cell
328,M1.2.GCAACATTCGACGTCG_1,Cardiomyocyte cell
329,M1.2.GCACATAAGTGAGTTA_1,Cardiomyocyte cell
330,M1.2.GCACGTGAGCCGAATG_1,Cardiomyocyte cell
331,M1.2.GCACTAATCTCTTCAA_1,Cardiomyocyte cell
332,M1.2.GCATCTCAGGCGTTAG_1,Cardiomyocyte cell
333,M1.2.GCCAACGGTACCAATC_1,Cardiomyocyte cell
334,M1.2.GCCAACGTCGTCAGAT_1,Cardiomyocyte cell
335,M1.2.GCCAGCACATGAATCC_1,Cardiomyocyte cell
336,M1.2.GCCAGTGTCTTGGGCG_1,Cardiomyocyte cell
337,M1.2.GCCGATGTCTGCATAG_1,Cardiomyocyte cell
338,M1.2.GCGATCGTCGGACGTC_1,Cardiomyocyte cell
339,M1.2.GCGGATCAGCAGCCTC_1,Cardiomyocyte cell
340,M1.2.GCGGATCTCGGCTCTT_1,Cardiomyocyte cell
341,M1.2.GCTCAAACAGTAACCT_1,Cardiomyocyte cell
342,M1.2.GCTGAATGTAGATGTA_1,Cardiomyocyte cell
343,M1.2.GCTGCAGCATCCCACT_1,Cardiomyocyte cell
344,M1.2.GCTTTCGGTCGTATGT_1,Cardiomyocyte cell
345,M1.2.GGAAGTGTCGTGGCGT_1,Cardiomyocyte cell
346,M1.2.GGAGATGTCTTCTTCC_1,Cardiomyocyte cell
347,M1.2.GGAGGTACAAAGCTCT_1,Cardiomyocyte cell
348,M1.2.GGATCTAAGTTCACTG_1,Cardiomyocyte cell
349,M1.2.GGATCTACAAGACTGG_1,Cardiomyocyte cell
350,M1.2.GGATGTTAGTTTGCTG_1,Cardiomyocyte cell
351,M1.2.GGCGTCACAGACCGCT_1,Cardiomyocyte cell
352,M1.2.GGCTTGGGTCAGGTAG_1,Cardiomyocyte cell
353,M1.2.GGGATCCCATCCTAAG_1,Cardiomyocyte cell
354,M1.2.GGGATGACATACAGCT_1,Cardiomyocyte cell
355,M1.2.GGGCCATTCACCTCTG_1,Cardiomyocyte cell
356,M1.2.GGGCGTTCAGAGGCAT_1,Cardiomyocyte cell
357,M1.2.GGGCGTTGTTTGCAGT_1,Cardiomyocyte cell
358,M1.2.GGGTCACAGTTTGTCG_1,Cardiomyocyte cell
359,M1.2.GGGTGTCTCCGTTGGG_1,Cardiomyocyte cell
360,M1.2.GGGTTATAGCGCACAA_1,Cardiomyocyte cell
361,M1.2.GGTCTGGTCAACCCGG_1,Cardiomyocyte cell
362,M1.2.GGTGAAGCAAGCAGGT_1,Cardiomyocyte cell
363,M1.2.GGTGATTAGCCGAATG_1,Cardiomyocyte cell
364,M1.2.GGTTCTCTCTGTCCGT_1,Cardiomyocyte cell
365,M1.2.GTAACCACATGGTACT_1,Cardiomyocyte cell
366,M1.2.GTAACCATCGTAACCA_1,Cardiomyocyte cell
367,M1.2.GTAAGTCAGGGTAGCT_1,Cardiomyocyte cell
368,M1.2.GTAAGTCAGTCAGCCC_1,Cardiomyocyte cell
369,M1.2.GTAATGCCATTGACAC_1,Cardiomyocyte cell
370,M1.2.GTACAACCACGACCTG_1,Cardiomyocyte cell
371,M1.2.GTAGATCCAGTGCCTG_1,Cardiomyocyte cell
372,M1.2.GTAGCTAGTGACACGA_1,Cardiomyocyte cell
373,M1.2.GTAGTACAGGTTGTTC_1,Cardiomyocyte cell
374,M1.2.GTCAAACGTAACGCGA_1,Cardiomyocyte cell
375,M1.2.GTCGTTCCAACCCGCA_1,Cardiomyocyte cell
376,M1.2.GTCTAGAAGATAGGGA_1,Cardiomyocyte cell
377,M1.2.GTCTCACTCATTTCCA_1,Cardiomyocyte cell
378,M1.2.GTGAGGACAACAACAA_1,Cardiomyocyte cell
379,M1.2.GTGAGTTAGGCAGGTT_1,Cardiomyocyte cell
380,M1.2.GTGAGTTCACATGTTG_1,Cardiomyocyte cell
381,M1.2.GTGCAGCGTCTTCCGT_1,Cardiomyocyte cell
382,M1.2.GTGCGTGAGATGAATC_1,Cardiomyocyte cell
383,M1.2.GTGGAAGAGTCAATCC_1,Cardiomyocyte cell
384,M1.2.GTGGAAGCATCGGAGA_1,Cardiomyocyte cell
385,M1.2.GTGGAGACACACGGTC_1,Cardiomyocyte cell
386,M1.2.GTGGCGTAGAGCTGAC_1,Cardiomyocyte cell
387,M1.2.GTGGTTAAGTAGCATA_1,Cardiomyocyte cell
388,M1.2.GTGTTCCGTGACTATC_1,Cardiomyocyte cell
389,M1.2.GTTCATTGTCAATCTG_1,Cardiomyocyte cell
390,M1.2.GTTCCGTCACCCAACG_1,Cardiomyocyte cell
391,M1.2.GTTCGCTGTTGAGAGC_1,Cardiomyocyte cell
392,M1.2.GTTCGCTTCCAAACCA_1,Cardiomyocyte cell
393,M1.2.GTTCTATCAATGAAAC_1,Cardiomyocyte cell
394,M1.2.GTTGCGGAGCATGCAG_1,Cardiomyocyte cell
395,M1.2.GTTGCTCCAGAATTCC_1,Cardiomyocyte cell
396,M1.2.GTTGTCCCAGTCGAGA_1,Cardiomyocyte cell
397,M1.2.GTTGTGATCCAAGCAT_1,Cardiomyocyte cell
398,M1.2.GTTTACTGTACAAAGT_1,Cardiomyocyte cell
399,M1.2.TAACTTCAGGTTATAG_1,Cardiomyocyte cell
400,M1.2.TAAGCCACAGGTCCGT_1,Cardiomyocyte cell
401,M1.2.TAAGCGTGTTCGCGTG_1,Cardiomyocyte cell
402,M1.2.TAATCTCGTCAGTCGC_1,Cardiomyocyte cell
403,M1.2.TACATTCAGACGGTCA_1,Cardiomyocyte cell
404,M1.2.TACCGAAAGTGGTGAC_1,Cardiomyocyte cell
405,M1.2.TACGGTAAGCTGGTGA_1,Cardiomyocyte cell
406,M1.2.TACGGTATCGAGCCAC_1,Cardiomyocyte cell
407,M1.2.TACGTCCCAGATGCGA_1,Cardiomyocyte cell
408,M1.2.TACTGCCGTGGACAGT_1,Cardiomyocyte cell
409,M1.2.TACTGCCGTTCTCCAC_1,Cardiomyocyte cell
410,M1.2.TACTTACCACGAAAGC_1,Cardiomyocyte cell
411,M1.2.TACTTACGTTCCGCTT_1,Cardiomyocyte cell
412,M1.2.TACTTCACAGCTCCTT_1,Cardiomyocyte cell
413,M1.2.TAGACCAGTCCCTAAA_1,Cardiomyocyte cell
414,M1.2.TAGAGTCTCCATGATG_1,Cardiomyocyte cell
415,M1.2.TAGATCGCATGGCGCT_1,Cardiomyocyte cell
416,M1.2.TAGGTACTCCTGTACC_1,Cardiomyocyte cell
417,M1.2.TAGTGCAGTTATCTGG_1,Cardiomyocyte cell
418,M1.2.TAGTGCATCAACTTTC_1,Cardiomyocyte cell
419,M1.2.TATACCTCACGACGTC_1,Cardiomyocyte cell
420,M1.2.TATACCTTCTGAACGT_1,Cardiomyocyte cell
421,M1.2.TATCAGGTCACCCATC_1,Cardiomyocyte cell
422,M1.2.TATTGCTAGGCCCAAA_1,Cardiomyocyte cell
423,M1.2.TATTGGGTCCGGCTTT_1,Cardiomyocyte cell
424,M1.2.TCAATCTGTGATAGTA_1,Cardiomyocyte cell
425,M1.2.TCAATCTGTTCTCCAC_1,Cardiomyocyte cell
426,M1.2.TCACATTCACTTCATT_1,Cardiomyocyte cell
427,M1.2.TCACTCGTCCACACAA_1,Cardiomyocyte cell
428,M1.2.TCAGCAAAGCACGGAT_1,Cardiomyocyte cell
429,M1.2.TCAGCAACATGACTCA_1,Cardiomyocyte cell
430,M1.2.TCAGTCCTCTTCTTCC_1,Cardiomyocyte cell
431,M1.2.TCATATCCACTGGAAG_1,Cardiomyocyte cell
432,M1.2.TCATATCCAGTCGGTC_1,Cardiomyocyte cell
433,M1.2.TCATCATTCTGCGAGC_1,Cardiomyocyte cell
434,M1.2.TCATGCCGTCAAGCCC_1,Cardiomyocyte cell
435,M1.2.TCATTACCACGGCACT_1,Cardiomyocyte cell
436,M1.2.TCATTGTTCCTCGCAT_1,Cardiomyocyte cell
437,M1.2.TCCATCGGTATCACGT_1,Cardiomyocyte cell
438,M1.2.TCCCAGTTCGCCTCTA_1,Cardiomyocyte cell
439,M1.2.TCCTCCCCACCCAAGC_1,Cardiomyocyte cell
440,M1.2.TCCTCTTTCCGGTAAT_1,Cardiomyocyte cell
441,M1.2.TCCTGCATCAAGTAAG_1,Cardiomyocyte cell
442,M1.2.TCGAAGTGTAACATGA_1,Cardiomyocyte cell
443,M1.2.TCGAAGTGTTCGGTCG_1,Cardiomyocyte cell
444,M1.2.TCGAAGTTCATTATCC_1,Cardiomyocyte cell
445,M1.2.TCGACGGCAAGAGGTC_1,Cardiomyocyte cell
446,M1.2.TCGCACTTCGAGTGGA_1,Cardiomyocyte cell
447,M1.2.TCGCACTTCTATGCCC_1,Cardiomyocyte cell
448,M1.2.TCGCAGGGTCCTACAA_1,Cardiomyocyte cell
449,M1.2.TCGCTCAAGTATAGGT_1,Cardiomyocyte cell
450,M1.2.TCGGATAAGAATGTTG_1,Cardiomyocyte cell
451,M1.2.TCGGGCAAGGTGCTAG_1,Cardiomyocyte cell
452,M1.2.TCGTCCAAGAGCAACC_1,Cardiomyocyte cell
453,M1.2.TCTACATAGCTAGTTC_1,Cardiomyocyte cell
454,M1.2.TCTCAGCTCCACTAGA_1,Cardiomyocyte cell
455,M1.2.TCTCCGACACACTTAG_1,Cardiomyocyte cell
456,M1.2.TCTGGCTCACCGCTAG_1,Cardiomyocyte cell
457,M1.2.TCTTAGTAGGCCTAAG_1,Cardiomyocyte cell
458,M1.2.TCTTCCTCAATAGTGA_1,Cardiomyocyte cell
459,M1.2.TGACCCTAGTGCGTCC_1,Cardiomyocyte cell
460,M1.2.TGACCCTGTCTGTCCT_1,Cardiomyocyte cell
461,M1.2.TGAGGTTAGCGTCGAA_1,Cardiomyocyte cell
462,M1.2.TGATTCTTCATCGCTC_1,Cardiomyocyte cell
463,M1.2.TGCAGATAGCTGCGAA_1,Cardiomyocyte cell
464,M1.2.TGCAGGCCACATAGCT_1,Cardiomyocyte cell
465,M1.2.TGCAGGCTCTGTAAGC_1,Cardiomyocyte cell
466,M1.2.TGCATGATCTACTGCC_1,Cardiomyocyte cell
467,M1.2.TGCGACGAGGTAAACT_1,Cardiomyocyte cell
468,M1.2.TGCGACGCAGGTAGTG_1,Cardiomyocyte cell
469,M1.2.TGCGACGGTATCGCGC_1,Cardiomyocyte cell
470,M1.2.TGCGATATCGTGTTCC_1,Cardiomyocyte cell
471,M1.2.TGCGGCAAGCGTGAGT_1,Cardiomyocyte cell
472,M1.2.TGCGGGTTCTACACAG_1,Cardiomyocyte cell
473,M1.2.TGCTTGCTCCCTCTAG_1,Cardiomyocyte cell
474,M1.2.TGGAGAGGTAGTAAGT_1,Cardiomyocyte cell
475,M1.2.TGGAGAGTCTCGTTTA_1,Cardiomyocyte cell
476,M1.2.TGGCGTGTCTGGGCCA_1,Cardiomyocyte cell
477,M1.2.TGGGAAGCACGTGAGA_1,Cardiomyocyte cell
478,M1.2.TGGGAAGTCATTGGTG_1,Cardiomyocyte cell
479,M1.2.TGGGAGAGTGAGTGAC_1,Cardiomyocyte cell
480,M1.2.TGGGAGAGTTGCATCA_1,Cardiomyocyte cell
481,M1.2.TGGGAGATCCTGGGAC_1,Cardiomyocyte cell
482,M1.2.TGGGCTGAGTAGAATC_1,Cardiomyocyte cell
483,M1.2.TGGTTAGAGCAATTAG_1,Cardiomyocyte cell
484,M1.2.TGGTTAGAGCCTCTTC_1,Cardiomyocyte cell
485,M1.2.TGTAACGTCAATCCAG_1,Cardiomyocyte cell
486,M1.2.TGTGAGTCAATTCGTG_1,Cardiomyocyte cell
487,M1.2.TGTGAGTGTGCTTATG_1,Cardiomyocyte cell
488,M1.2.TGTGTGACAGGTTTAC_1,Cardiomyocyte cell
489,M1.2.TGTTACTGTCGAGCTC_1,Cardiomyocyte cell
490,M1.2.TGTTCCGTCCGTGTGG_1,Cardiomyocyte cell
491,M1.2.TGTTCTACAAGCCCAC_1,Cardiomyocyte cell
492,M1.2.TGTTCTACACTGGACC_1,Cardiomyocyte cell
493,M1.2.TTACGCCCAACCCGCA_1,Cardiomyocyte cell
494,M1.2.TTACTGTAGCGGGTTA_1,Cardiomyocyte cell
495,M1.2.TTACTGTGTAGTTCCA_1,Cardiomyocyte cell
496,M1.2.TTAGGCAAGTATAGAC_1,Cardiomyocyte cell
497,M1.2.TTAGGCAGTCCCTGAG_1,Cardiomyocyte cell
498,M1.2.TTAGGCAGTGATAGTA_1,Cardiomyocyte cell
499,M1.2.TTAGGCAGTTAGCGGA_1,Cardiomyocyte cell
500,M1.2.TTAGTCTCACTTCTCG_1,Cardiomyocyte cell
501,M1.2.TTATTGCCACTCAGAT_1,Cardiomyocyte cell
502,M1.2.TTATTGCTCAAATGCC_1,Cardiomyocyte cell
503,M1.2.TTCAATCCAGTAGAGC_1,Cardiomyocyte cell
504,M1.2.TTCCAATAGCGTGTCC_1,Cardiomyocyte cell
505,M1.2.TTCCAATAGGTACATA_1,Cardiomyocyte cell
506,M1.2.TTCCGGTTCATACGGT_1,Cardiomyocyte cell
507,M1.2.TTCGATTTCTGTCCCA_1,Cardiomyocyte cell
508,M1.2.TTCGCTGAGGTAGACC_1,Cardiomyocyte cell
509,M1.2.TTCGGTCTCAAGTGGG_1,Cardiomyocyte cell
510,M1.2.TTCTAACTCGACTCCT_1,Cardiomyocyte cell
511,M1.2.TTCTCTCTCCGCTGTT_1,Cardiomyocyte cell
512,M1.2.TTGACCCCACAGCCTG_1,Cardiomyocyte cell
513,M1.2.TTGCATTAGGTTGCCC_1,Cardiomyocyte cell
514,M1.2.TTGCCTGTCGACGACC_1,Cardiomyocyte cell
515,M1.2.TTGGATGCAGCTGTCG_1,Cardiomyocyte cell
516,M1.2.TTGTGTTCACCAACAT_1,Cardiomyocyte cell
517,M1.2.TTGTGTTCATTGAGCT_1,Cardiomyocyte cell
518,M1.2.TTGTGTTGTCCACAGC_1,Cardiomyocyte cell
519,M1.2.TTGTTCAAGGTAAACT_1,Cardiomyocyte cell
520,M1.2.TTGTTTGCACAATGTC_1,Cardiomyocyte cell
521,M1.2.TTTAGTCCATGCCGCA_1,Cardiomyocyte cell
522,M1.2.TTTATGCCACCCAACG_1,Cardiomyocyte cell
523,M1.2.TTTCACACACAATTCG_1,Cardiomyocyte cell
524,M1.2.TTTCATGGTGAATTGA_1,Cardiomyocyte cell
525,M1.2.TTTCATGTCGCAATGT_1,Cardiomyocyte cell
526,M1.2.TTTCCTCGTGGTCAAG_1,Cardiomyocyte cell
527,M1.3.AAACGAATCCGCTAGG_1,Cardiomyocyte cell
528,M1.3.AAAGTCCCATGACGGA_1,Cardiomyocyte cell
529,M1.3.AACAAAGCAAGTTCGT_1,Cardiomyocyte cell
530,M1.3.AACAAAGGTCAGGCAA_1,Cardiomyocyte cell
531,M1.3.AACAAAGTCTTGGCTC_1,Cardiomyocyte cell
532,M1.3.AACAAGATCATAAGGA_1,Cardiomyocyte cell
533,M1.3.AACAAGATCCAATCTT_1,Cardiomyocyte cell
534,M1.3.AACAGGGGTCCCTAAA_1,Cardiomyocyte cell
535,M1.3.AACAGGGTCGTCGATA_1,Cardiomyocyte cell
536,M1.3.AACCAACTCTTTGGAG_1,Cardiomyocyte cell
537,M1.3.AACCACAGTTTCGGCG_1,Cardiomyocyte cell
538,M1.3.AACCCAAAGATACATG_1,Cardiomyocyte cell
539,M1.3.AACCCAAGTAGCTGTT_1,Cardiomyocyte cell
540,M1.3.AACCTTTAGCGTCAGA_1,Cardiomyocyte cell
541,M1.3.AACGTCAAGTCCCAGC_1,Cardiomyocyte cell
542,M1.3.AACGTCATCCGTGGCA_1,Cardiomyocyte cell
543,M1.3.AAGACAACAGATCACT_1,Cardiomyocyte cell
544,M1.3.AAGATAGTCTCTTAAC_1,Cardiomyocyte cell
545,M1.3.AAGCGAGGTTGGAGGT_1,Cardiomyocyte cell
546,M1.3.AAGGAATAGAGTTGCG_1,Cardiomyocyte cell
547,M1.3.AAGGAATCATCCAACA_1,Cardiomyocyte cell
548,M1.3.AAGGTAAAGGAACATT_1,Cardiomyocyte cell
549,M1.3.AAGGTAATCACACGAT_1,Cardiomyocyte cell
550,M1.3.AATAGAGTCCCTAGGG_1,Cardiomyocyte cell
551,M1.3.AATAGAGTCTTTGCTA_1,Cardiomyocyte cell
552,M1.3.AATCGTGCAACTTGGT_1,Cardiomyocyte cell
553,M1.3.AATCGTGTCGTTCATT_1,Cardiomyocyte cell
554,M1.3.AATGAAGCATGCACTA_1,Cardiomyocyte cell
555,M1.3.AATGAAGGTGAGTGAC_1,Cardiomyocyte cell
556,M1.3.AATGACCGTGGATCAG_1,Cardiomyocyte cell
557,M1.3.AATGACCTCGGCTCTT_1,Cardiomyocyte cell
558,M1.3.AATGCCATCAAGCCTA_1,Cardiomyocyte cell
559,M1.3.AATGCCATCTCGTTTA_1,Cardiomyocyte cell
560,M1.3.AATGGAAAGTTCGCAT_1,Cardiomyocyte cell
561,M1.3.AATGGAAGTATATGGA_1,Cardiomyocyte cell
562,M1.3.AATTCCTAGATGCTTC_1,Cardiomyocyte cell
563,M1.3.AATTCCTTCATTGTTC_1,Cardiomyocyte cell
564,M1.3.AATTCCTTCGGTAACT_1,Cardiomyocyte cell
565,M1.3.ACAACCAAGATAGTCA_1,Cardiomyocyte cell
566,M1.3.ACAACCACACTGCTTC_1,Cardiomyocyte cell
567,M1.3.ACAAGCTCATCTGTTT_1,Cardiomyocyte cell
568,M1.3.ACAAGCTGTTAGGGAC_1,Cardiomyocyte cell
569,M1.3.ACAAGCTTCCGTGGTG_1,Cardiomyocyte cell
570,M1.3.ACACCAATCAGGGTAG_1,Cardiomyocyte cell
571,M1.3.ACACCAATCCCGAGTG_1,Cardiomyocyte cell
572,M1.3.ACACCAATCTTGGGCG_1,Cardiomyocyte cell
573,M1.3.ACACTGAAGCGTACAG_1,Cardiomyocyte cell
574,M1.3.ACAGAAATCTAGTGTG_1,Cardiomyocyte cell
575,M1.3.ACAGCCGAGAGTCTGG_1,Cardiomyocyte cell
576,M1.3.ACAGCCGAGGTCGTCC_1,Cardiomyocyte cell
577,M1.3.ACAGCCGGTTGTTGCA_1,Cardiomyocyte cell
578,M1.3.ACATTTCCATTAGGCT_1,Cardiomyocyte cell
579,M1.3.ACATTTCTCTCGTTTA_1,Cardiomyocyte cell
580,M1.3.ACCAAACCAAGCCTGC_1,Cardiomyocyte cell
581,M1.3.ACCAAACGTGAAGCTG_1,Cardiomyocyte cell
582,M1.3.ACCATTTAGGTGATCG_1,Cardiomyocyte cell
583,M1.3.ACCGTTCAGGTACATA_1,Cardiomyocyte cell
584,M1.3.ACCTGTCTCATGTCTT_1,Cardiomyocyte cell
585,M1.3.ACGATCAGTTGTGTAC_1,Cardiomyocyte cell
586,M1.3.ACGATGTGTCACCGCA_1,Cardiomyocyte cell
587,M1.3.ACGCACGAGTCTGGAG_1,Cardiomyocyte cell
588,M1.3.ACGCACGTCGCGCCAA_1,Cardiomyocyte cell
589,M1.3.ACGGTCGTCGAAGTGG_1,Cardiomyocyte cell
590,M1.3.ACGGTCGTCGTTGTAG_1,Cardiomyocyte cell
591,M1.3.ACGTACATCGCCACTT_1,Cardiomyocyte cell
592,M1.3.ACGTAGTGTTTAGTCG_1,Cardiomyocyte cell
593,M1.3.ACGTCCTAGGTTGGAC_1,Cardiomyocyte cell
594,M1.3.ACGTTCCAGCAATTCC_1,Cardiomyocyte cell
595,M1.3.ACTACGATCCGTCAAA_1,Cardiomyocyte cell
596,M1.3.ACTATGGGTGTCGCTG_1,Cardiomyocyte cell
597,M1.3.ACTCCCACAATAGGGC_1,Cardiomyocyte cell
598,M1.3.ACTCCCACAGAATCGG_1,Cardiomyocyte cell
599,M1.3.ACTCCCAGTCGTGATT_1,Cardiomyocyte cell
600,M1.3.ACTGCAAGTGGCTGAA_1,Cardiomyocyte cell
601,M1.3.ACTGTGAAGCGTTACT_1,Cardiomyocyte cell
602,M1.3.ACTTAGGTCCCATGGG_1,Cardiomyocyte cell
603,M1.3.ACTTCGCTCCTAAACG_1,Cardiomyocyte cell
604,M1.3.AGAACAAAGAGTGTTA_1,Cardiomyocyte cell
605,M1.3.AGAACAAGTGAACCGA_1,Cardiomyocyte cell
606,M1.3.AGAACCTAGATAGCAT_1,Cardiomyocyte cell
607,M1.3.AGAACCTCACCTCTGT_1,Cardiomyocyte cell
608,M1.3.AGAACCTTCTTCGACC_1,Cardiomyocyte cell
609,M1.3.AGAAGCGCAAGAGCTG_1,Cardiomyocyte cell
610,M1.3.AGAAGTACACGGTGTC_1,Cardiomyocyte cell
611,M1.3.AGACACTGTGTTCCTC_1,Cardiomyocyte cell
612,M1.3.AGACACTTCTCGACGG_1,Cardiomyocyte cell
613,M1.3.AGACAGGCACCTTCGT_1,Cardiomyocyte cell
614,M1.3.AGACAGGGTCTGTGGC_1,Cardiomyocyte cell
615,M1.3.AGACCCGTCATGCAGT_1,Cardiomyocyte cell
616,M1.3.AGACCCGTCGACTCCT_1,Cardiomyocyte cell
617,M1.3.AGACTCAAGTGCACTT_1,Cardiomyocyte cell
618,M1.3.AGAGAATAGCATGCAG_1,Cardiomyocyte cell
619,M1.3.AGAGAATGTAGAGATT_1,Cardiomyocyte cell
620,M1.3.AGAGAATGTGACACGA_1,Cardiomyocyte cell
621,M1.3.AGAGAGCTCCAAGCAT_1,Cardiomyocyte cell
622,M1.3.AGAGCCCGTAGTGGCA_1,Cardiomyocyte cell
623,M1.3.AGATAGACACTTTAGG_1,Cardiomyocyte cell
624,M1.3.AGATAGACAGCGTATT_1,Cardiomyocyte cell
625,M1.3.AGCATCAGTGGCATCC_1,Cardiomyocyte cell
626,M1.3.AGCCAATAGAGTCAGC_1,Cardiomyocyte cell
627,M1.3.AGCCACGGTGTCTTGA_1,Cardiomyocyte cell
628,M1.3.AGCGATTTCCATTTGT_1,Cardiomyocyte cell
629,M1.3.AGCGCCACAAGGACAC_1,Cardiomyocyte cell
630,M1.3.AGCGCCAGTACTAAGA_1,Cardiomyocyte cell
631,M1.3.AGCGCTGCAGAACCGA_1,Cardiomyocyte cell
632,M1.3.AGCGCTGCAGACACAG_1,Cardiomyocyte cell
633,M1.3.AGCGCTGTCAAGCTGT_1,Cardiomyocyte cell
634,M1.3.AGCTACAAGGTAGTAT_1,Cardiomyocyte cell
635,M1.3.AGCTTCCCATCTATCT_1,Cardiomyocyte cell
636,M1.3.AGGAATACAAATGCGG_1,Cardiomyocyte cell
637,M1.3.AGGACGAAGCACTTTG_1,Cardiomyocyte cell
638,M1.3.AGGACTTGTCCGCAGT_1,Cardiomyocyte cell
639,M1.3.AGGCATTGTTGCGTAT_1,Cardiomyocyte cell
640,M1.3.AGGCTGCGTTCAACGT_1,Cardiomyocyte cell
641,M1.3.AGGGTCCGTTGGAGGT_1,Cardiomyocyte cell
642,M1.3.AGGGTGACAGAGGCAT_1,Cardiomyocyte cell
643,M1.3.AGGGTTTGTGTCCGTG_1,Cardiomyocyte cell
644,M1.3.AGGTCTACAATCTAGC_1,Cardiomyocyte cell
645,M1.3.AGGTTGTCAGCTCCTT_1,Cardiomyocyte cell
646,M1.3.AGGTTGTTCCTCACGT_1,Cardiomyocyte cell
647,M1.3.AGTACCAGTCCCACGA_1,Cardiomyocyte cell
648,M1.3.AGTACTGAGATACGAT_1,Cardiomyocyte cell
649,M1.3.AGTACTGTCATTTCGT_1,Cardiomyocyte cell
650,M1.3.AGTAGCTTCGGACAAG_1,Cardiomyocyte cell
651,M1.3.AGTGACTGTGTCCGTG_1,Cardiomyocyte cell
652,M1.3.AGTGATCCACAACATC_1,Cardiomyocyte cell
653,M1.3.AGTGATCCACTGCGAC_1,Cardiomyocyte cell
654,M1.3.AGTGATCTCCATCAGA_1,Cardiomyocyte cell
655,M1.3.AGTGCCGGTGGTCTGC_1,Cardiomyocyte cell
656,M1.3.AGTTCCCAGCAACAGC_1,Cardiomyocyte cell
657,M1.3.AGTTCGAGTGCACGCT_1,Cardiomyocyte cell
658,M1.3.ATACCGATCTCTCGCA_1,Cardiomyocyte cell
659,M1.3.ATACCTTCACATTCTT_1,Cardiomyocyte cell
660,M1.3.ATAGAGAGTGAATGTA_1,Cardiomyocyte cell
661,M1.3.ATAGAGAGTGTGAATA_1,Cardiomyocyte cell
662,M1.3.ATCACAGAGTAGTCTC_1,Cardiomyocyte cell
663,M1.3.ATCACGACACCAAAGG_1,Cardiomyocyte cell
664,M1.3.ATCACGAGTCCACTTC_1,Cardiomyocyte cell
665,M1.3.ATCACTTCATGATGCT_1,Cardiomyocyte cell
666,M1.3.ATCAGGTAGCAGGCAT_1,Cardiomyocyte cell
667,M1.3.ATCAGGTAGTACAGAT_1,Cardiomyocyte cell
668,M1.3.ATCAGGTCAAGTAGTA_1,Cardiomyocyte cell
669,M1.3.ATCAGGTTCCTGGCTT_1,Cardiomyocyte cell
670,M1.3.ATCATTCGTTCGGCTG_1,Cardiomyocyte cell
671,M1.3.ATCCACCAGGAAAGGT_1,Cardiomyocyte cell
672,M1.3.ATCCACCGTAGTCTTG_1,Cardiomyocyte cell
673,M1.3.ATCCACCGTGCCTACG_1,Cardiomyocyte cell
674,M1.3.ATCCGTCCAGCAGACA_1,Cardiomyocyte cell
675,M1.3.ATCGCCTAGAGTATAC_1,Cardiomyocyte cell
676,M1.3.ATCGGATGTCACGACC_1,Cardiomyocyte cell
677,M1.3.ATCGTGATCTGAATCG_1,Cardiomyocyte cell
678,M1.3.ATGAAAGTCCACCTCA_1,Cardiomyocyte cell
679,M1.3.ATGACCAGTACTAACC_1,Cardiomyocyte cell
680,M1.3.ATGACCATCATGCTAG_1,Cardiomyocyte cell
681,M1.3.ATGAGGGTCCTCACCA_1,Cardiomyocyte cell
682,M1.3.ATGATCGTCCCGTGAG_1,Cardiomyocyte cell
683,M1.3.ATGCATGAGGACAGTC_1,Cardiomyocyte cell
684,M1.3.ATGCGATTCCTTTGAT_1,Cardiomyocyte cell
685,M1.3.ATGGATCGTTCTCGTC_1,Cardiomyocyte cell
686,M1.3.ATGGGAGGTAACGCGA_1,Cardiomyocyte cell
687,M1.3.ATGGTTGTCGCTTACC_1,Cardiomyocyte cell
688,M1.3.ATGTCCCCAACCTATG_1,Cardiomyocyte cell
689,M1.3.ATGTCCCCAATCACGT_1,Cardiomyocyte cell
690,M1.3.ATGTCTTGTCAGTTTG_1,Cardiomyocyte cell
691,M1.3.ATTACCTGTAATGCGG_1,Cardiomyocyte cell
692,M1.3.ATTACCTGTGCTGTCG_1,Cardiomyocyte cell
693,M1.3.ATTCAGGTCGTGGGTC_1,Cardiomyocyte cell
694,M1.3.ATTCAGGTCTTCCGTG_1,Cardiomyocyte cell
695,M1.3.ATTCATCGTCACTCGG_1,Cardiomyocyte cell
696,M1.3.ATTCCATTCCGTTTCG_1,Cardiomyocyte cell
697,M1.3.ATTCCATTCGTCGATA_1,Cardiomyocyte cell
698,M1.3.ATTCCATTCTACTCAT_1,Cardiomyocyte cell
699,M1.3.ATTCCCGGTGTAACGG_1,Cardiomyocyte cell
700,M1.3.ATTCGTTTCTGCTTAT_1,Cardiomyocyte cell
701,M1.3.ATTCTACGTTTGTTGG_1,Cardiomyocyte cell
702,M1.3.ATTCTTGTCTGTCTCG_1,Cardiomyocyte cell
703,M1.3.ATTGTTCGTCGAACAG_1,Cardiomyocyte cell
704,M1.3.ATTTACCAGTAGCATA_1,Cardiomyocyte cell
705,M1.3.ATTTACCGTAATGTGA_1,Cardiomyocyte cell
706,M1.3.ATTTCACCAAGACGAC_1,Cardiomyocyte cell
707,M1.3.ATTTCACCACCAGCCA_1,Cardiomyocyte cell
708,M1.3.ATTTCTGCAACAGAGC_1,Cardiomyocyte cell
709,M1.3.ATTTCTGGTTGACTAC_1,Cardiomyocyte cell
710,M1.3.CAAAGAACATAACTCG_1,Cardiomyocyte cell
711,M1.3.CAACAACAGCTCTATG_1,Cardiomyocyte cell
712,M1.3.CAACAGTCACTACGGC_1,Cardiomyocyte cell
713,M1.3.CAACCAAAGAGCCGAT_1,Cardiomyocyte cell
714,M1.3.CAACGATGTTCGGTAT_1,Cardiomyocyte cell
715,M1.3.CAAGACTCACGTACAT_1,Cardiomyocyte cell
716,M1.3.CAAGAGGAGTTTCGAC_1,Cardiomyocyte cell
717,M1.3.CAAGCTAAGGTATCTC_1,Cardiomyocyte cell
718,M1.3.CAATCGACATGGCGCT_1,Cardiomyocyte cell
719,M1.3.CAATCGATCATTCACT_1,Cardiomyocyte cell
720,M1.3.CAATCGATCGCTACAA_1,Cardiomyocyte cell
721,M1.3.CAATCGATCGTCGGGT_1,Cardiomyocyte cell
722,M1.3.CACAACATCCACCTCA_1,Cardiomyocyte cell
723,M1.3.CACACAACACGGTGTC_1,Cardiomyocyte cell
724,M1.3.CACACAATCCTGGCTT_1,Cardiomyocyte cell
725,M1.3.CACAGGCCATGGAATA_1,Cardiomyocyte cell
726,M1.3.CACATGAGTGGCATCC_1,Cardiomyocyte cell
727,M1.3.CACGAATTCTGACCCT_1,Cardiomyocyte cell
728,M1.3.CACGTGGGTGACTAAA_1,Cardiomyocyte cell
729,M1.3.CACTGAAAGCTGGCTC_1,Cardiomyocyte cell
730,M1.3.CACTGTCAGCAGGGAG_1,Cardiomyocyte cell
731,M1.3.CAGAGCCAGGAATGTT_1,Cardiomyocyte cell
732,M1.3.CAGCAATAGTTACGGG_1,Cardiomyocyte cell
733,M1.3.CAGCAATTCCCAACTC_1,Cardiomyocyte cell
734,M1.3.CAGCGTGCAAGGACAC_1,Cardiomyocyte cell
735,M1.3.CAGGTATAGATACAGT_1,Cardiomyocyte cell
736,M1.3.CAGTTCCCAGTGGTGA_1,Cardiomyocyte cell
737,M1.3.CATAAGCTCAGTGATC_1,Cardiomyocyte cell
738,M1.3.CATAAGCTCATTCATC_1,Cardiomyocyte cell
739,M1.3.CATACTTCAATAGTCC_1,Cardiomyocyte cell
740,M1.3.CATCCACCAAGTCATC_1,Cardiomyocyte cell
741,M1.3.CATCCACTCAGCGGAA_1,Cardiomyocyte cell
742,M1.3.CATCCACTCTCTCTAA_1,Cardiomyocyte cell
743,M1.3.CATCGCTCACAAGCTT_1,Cardiomyocyte cell
744,M1.3.CATCGGGTCTCTCGAC_1,Cardiomyocyte cell
745,M1.3.CATCGTCTCTTGGCTC_1,Cardiomyocyte cell
746,M1.3.CATGCGGGTTGGAGGT_1,Cardiomyocyte cell
747,M1.3.CATGCGGGTTTCCAAG_1,Cardiomyocyte cell
748,M1.3.CATGCTCGTTGAGTCT_1,Cardiomyocyte cell
749,M1.3.CATGGATAGCACTTTG_1,Cardiomyocyte cell
750,M1.3.CATTCATAGGCTGAAC_1,Cardiomyocyte cell
751,M1.3.CATTCTATCCAATCCC_1,Cardiomyocyte cell
752,M1.3.CATTGAGAGAGGCTGT_1,Cardiomyocyte cell
753,M1.3.CATTGAGCATCATCTT_1,Cardiomyocyte cell
754,M1.3.CATTTCATCCCTTGTG_1,Cardiomyocyte cell
755,M1.3.CCAAGCGCATGTAACC_1,Cardiomyocyte cell
756,M1.3.CCAAGCGGTTAAGTCC_1,Cardiomyocyte cell
757,M1.3.CCACCATAGTGCTACT_1,Cardiomyocyte cell
758,M1.3.CCACTTGAGCAAATGT_1,Cardiomyocyte cell
759,M1.3.CCACTTGCATGACGTT_1,Cardiomyocyte cell
760,M1.3.CCACTTGGTGGTTTGT_1,Cardiomyocyte cell
761,M1.3.CCATAAGCAGTGGCTC_1,Cardiomyocyte cell
762,M1.3.CCCATTGAGTCAGCGA_1,Cardiomyocyte cell
763,M1.3.CCCATTGAGTGTAGAT_1,Cardiomyocyte cell
764,M1.3.CCCATTGGTCATCGGC_1,Cardiomyocyte cell
765,M1.3.CCCTAACAGGCCACTC_1,Cardiomyocyte cell
766,M1.3.CCCTCAAGTCCTTGTC_1,Cardiomyocyte cell
767,M1.3.CCCTGATCAGGTCAGA_1,Cardiomyocyte cell
768,M1.3.CCCTTAGCACCGAATT_1,Cardiomyocyte cell
769,M1.3.CCGAACGCATTCCTCG_1,Cardiomyocyte cell
770,M1.3.CCGAACGGTACAGCGA_1,Cardiomyocyte cell
771,M1.3.CCGATCTAGGTAAGTT_1,Cardiomyocyte cell
772,M1.3.CCGATCTCATGCAGCC_1,Cardiomyocyte cell
773,M1.3.CCGATCTGTTTGATCG_1,Cardiomyocyte cell
774,M1.3.CCGGACACATTGAGGG_1,Cardiomyocyte cell
775,M1.3.CCGGACAGTCGATTTG_1,Cardiomyocyte cell
776,M1.3.CCGGGTAGTTGTTGAC_1,Cardiomyocyte cell
777,M1.3.CCGTTCAGTTCGCGTG_1,Cardiomyocyte cell
778,M1.3.CCTAACCGTTCACCGG_1,Cardiomyocyte cell
779,M1.3.CCTAACCTCCATGCAA_1,Cardiomyocyte cell
780,M1.3.CCTCACAAGGTTAAAC_1,Cardiomyocyte cell
781,M1.3.CCTCAGTGTCGGTGTC_1,Cardiomyocyte cell
782,M1.3.CCTCATGAGCTCCACG_1,Cardiomyocyte cell
783,M1.3.CCTCTAGCATTGAGCT_1,Cardiomyocyte cell
784,M1.3.CCTCTAGTCTTACGGA_1,Cardiomyocyte cell
785,M1.3.CCTGTTGAGAGGATCC_1,Cardiomyocyte cell
786,M1.3.CCTGTTGGTGCACATT_1,Cardiomyocyte cell
787,M1.3.CGAAGGATCTTTCTAG_1,Cardiomyocyte cell
788,M1.3.CGAAGTTCAGAGTGAC_1,Cardiomyocyte cell
789,M1.3.CGAATTGCACCGTACG_1,Cardiomyocyte cell
790,M1.3.CGACAGCTCCCTGGTT_1,Cardiomyocyte cell
791,M1.3.CGAGTGCCAGACCAAG_1,Cardiomyocyte cell
792,M1.3.CGATGGCAGTGGTGGT_1,Cardiomyocyte cell
793,M1.3.CGCAGGTCACACCTTC_1,Cardiomyocyte cell
794,M1.3.CGCCAGATCGTTGTTT_1,Cardiomyocyte cell
795,M1.3.CGCCATTCAACAAAGT_1,Cardiomyocyte cell
796,M1.3.CGGAATTAGTTTGGCT_1,Cardiomyocyte cell
797,M1.3.CGGCAGTCACACCGCA_1,Cardiomyocyte cell
798,M1.3.CGGCAGTGTCTCAGAT_1,Cardiomyocyte cell
799,M1.3.CGGGACTCAATCTCTT_1,Cardiomyocyte cell
800,M1.3.CGGGACTTCAATCCAG_1,Cardiomyocyte cell
801,M1.3.CGGGCATAGTATGAAC_1,Cardiomyocyte cell
802,M1.3.CGGGTCATCGACACCG_1,Cardiomyocyte cell
803,M1.3.CGTAAGTGTGCGTCGT_1,Cardiomyocyte cell
804,M1.3.CGTAGTAAGAGGCGGA_1,Cardiomyocyte cell
805,M1.3.CGTAGTATCGTTGCCT_1,Cardiomyocyte cell
806,M1.3.CGTCAAAAGAAGCTCG_1,Cardiomyocyte cell
807,M1.3.CGTGAATCAAATAGCA_1,Cardiomyocyte cell
808,M1.3.CGTGAATTCCTCGATC_1,Cardiomyocyte cell
809,M1.3.CGTGATATCACCTCAC_1,Cardiomyocyte cell
810,M1.3.CGTGATATCGGTCTAA_1,Cardiomyocyte cell
811,M1.3.CGTGTCTGTCGCAACC_1,Cardiomyocyte cell
812,M1.3.CGTGTCTTCACTACTT_1,Cardiomyocyte cell
813,M1.3.CGTTCTGGTGGTCCCA_1,Cardiomyocyte cell
814,M1.3.CGTTGGGAGTACGAGC_1,Cardiomyocyte cell
815,M1.3.CTAAGTGAGCTTAGTC_1,Cardiomyocyte cell
816,M1.3.CTACAGATCGTTCTAT_1,Cardiomyocyte cell
817,M1.3.CTACATTGTGGTCTGC_1,Cardiomyocyte cell
818,M1.3.CTACCTGAGGATACCG_1,Cardiomyocyte cell
819,M1.3.CTACCTGTCTCATTGT_1,Cardiomyocyte cell
820,M1.3.CTCAACCCAGGTGACA_1,Cardiomyocyte cell
821,M1.3.CTCAACCTCTTTGCGC_1,Cardiomyocyte cell
822,M1.3.CTCAAGACAGCTGTTA_1,Cardiomyocyte cell
823,M1.3.CTCAAGATCGCTCTCA_1,Cardiomyocyte cell
824,M1.3.CTCAAGATCTCACGAA_1,Cardiomyocyte cell
825,M1.3.CTCACTGGTCCGAAAG_1,Cardiomyocyte cell
826,M1.3.CTCACTGGTTAGAGAT_1,Cardiomyocyte cell
827,M1.3.CTCAGGGGTCCCTGTT_1,Cardiomyocyte cell
828,M1.3.CTCAGTCCATTCGGGC_1,Cardiomyocyte cell
829,M1.3.CTCATGCTCATACGAC_1,Cardiomyocyte cell
830,M1.3.CTCATGCTCGATACGT_1,Cardiomyocyte cell
831,M1.3.CTCCAACGTCATGACT_1,Cardiomyocyte cell
832,M1.3.CTCCCAAGTCAAAGAT_1,Cardiomyocyte cell
833,M1.3.CTCCCTCAGGGCCCTT_1,Cardiomyocyte cell
834,M1.3.CTCCGATAGGTGCTGA_1,Cardiomyocyte cell
835,M1.3.CTCCGATCACAACCGC_1,Cardiomyocyte cell
836,M1.3.CTCCTTTCAGAGATTA_1,Cardiomyocyte cell
837,M1.3.CTCCTTTGTGAACTAA_1,Cardiomyocyte cell
838,M1.3.CTCGAGGGTAGCCCTG_1,Cardiomyocyte cell
839,M1.3.CTCTCAGAGATACTGA_1,Cardiomyocyte cell
840,M1.3.CTCTGGTAGGTTCCAT_1,Cardiomyocyte cell
841,M1.3.CTGAGCGGTAACTTCG_1,Cardiomyocyte cell
842,M1.3.CTGATCCGTGGGTATG_1,Cardiomyocyte cell
843,M1.3.CTGCGAGCAGATTTCG_1,Cardiomyocyte cell
844,M1.3.CTGGTCTAGGATAATC_1,Cardiomyocyte cell
845,M1.3.CTGTACCTCTTGGATG_1,Cardiomyocyte cell
846,M1.3.CTGTAGACACTGGACC_1,Cardiomyocyte cell
847,M1.3.CTGTATTAGCGAGGAG_1,Cardiomyocyte cell
848,M1.3.CTGTATTAGGACTAAT_1,Cardiomyocyte cell
849,M1.3.CTGTATTCATCTCATT_1,Cardiomyocyte cell
850,M1.3.CTTACCGTCCTTCTGG_1,Cardiomyocyte cell
851,M1.3.CTTCAATTCGACGACC_1,Cardiomyocyte cell
852,M1.3.CTTCCGAAGATGCCGA_1,Cardiomyocyte cell
853,M1.3.CTTCCGACAGTGTGGA_1,Cardiomyocyte cell
854,M1.3.CTTCCTTCATCTTTCA_1,Cardiomyocyte cell
855,M1.3.CTTCGGTCAGTCGGTC_1,Cardiomyocyte cell
856,M1.3.CTTCTCTAGCATCAAA_1,Cardiomyocyte cell
857,M1.3.CTTCTCTCAGGCTATT_1,Cardiomyocyte cell
858,M1.3.CTTCTCTGTACGCTAT_1,Cardiomyocyte cell
859,M1.3.CTTGAGAAGGCTGAAC_1,Cardiomyocyte cell
860,M1.3.CTTGAGAGTACCAGAG_1,Cardiomyocyte cell
861,M1.3.CTTTCAATCCCTCTTT_1,Cardiomyocyte cell
862,M1.3.GAAACCTAGATCACTC_1,Cardiomyocyte cell
863,M1.3.GAAACCTTCCATTTCA_1,Cardiomyocyte cell
864,M1.3.GAAATGAAGATGGCAC_1,Cardiomyocyte cell
865,M1.3.GAACGTTTCCAACACA_1,Cardiomyocyte cell
866,M1.3.GAAGGACAGTCTCGTA_1,Cardiomyocyte cell
867,M1.3.GAAGGACTCGGTGCAC_1,Cardiomyocyte cell
868,M1.3.GAAGGGTAGAGTCAAT_1,Cardiomyocyte cell
869,M1.3.GAATAGACAGCCGTCA_1,Cardiomyocyte cell
870,M1.3.GAATCGTGTGCGAGTA_1,Cardiomyocyte cell
871,M1.3.GACACGCAGACCCGCT_1,Cardiomyocyte cell
872,M1.3.GACATCAAGCATCTTG_1,Cardiomyocyte cell
873,M1.3.GACATCACAATAGTCC_1,Cardiomyocyte cell
874,M1.3.GACCTTCCATTGTCGA_1,Cardiomyocyte cell
875,M1.3.GACGTTACAGCCGTTG_1,Cardiomyocyte cell
876,M1.3.GACGTTAGTTAATGAG_1,Cardiomyocyte cell
877,M1.3.GACTGATAGCGCCCAT_1,Cardiomyocyte cell
878,M1.3.GAGACTTAGAATTGTG_1,Cardiomyocyte cell
879,M1.3.GAGACTTAGGTCCTGC_1,Cardiomyocyte cell
880,M1.3.GAGAGGTTCTTAGCCC_1,Cardiomyocyte cell
881,M1.3.GAGCCTGCAAGTGCAG_1,Cardiomyocyte cell
882,M1.3.GAGCTGCTCTTCTCAA_1,Cardiomyocyte cell
883,M1.3.GAGGCAAAGCGCTGCT_1,Cardiomyocyte cell
884,M1.3.GAGGCAATCTAGGCCG_1,Cardiomyocyte cell
885,M1.3.GAGTCATTCTGCGAGC_1,Cardiomyocyte cell
886,M1.3.GAGTCTAGTGTCTTGA_1,Cardiomyocyte cell
887,M1.3.GAGTTACAGCTTTCCC_1,Cardiomyocyte cell
888,M1.3.GAGTTGTCAGTGCCTG_1,Cardiomyocyte cell
889,M1.3.GAGTTTGAGACCAACG_1,Cardiomyocyte cell
890,M1.3.GATCATGAGGCCCAAA_1,Cardiomyocyte cell
891,M1.3.GATCATGCATGATAGA_1,Cardiomyocyte cell
892,M1.3.GATGATCTCACTTGGA_1,Cardiomyocyte cell
893,M1.3.GATGTTGTCAGTCATG_1,Cardiomyocyte cell
894,M1.3.GATTCGACAACCAATC_1,Cardiomyocyte cell
895,M1.3.GATTGGTAGCAGCCCT_1,Cardiomyocyte cell
896,M1.3.GATTGGTGTGGGTTGA_1,Cardiomyocyte cell
897,M1.3.GATTTCTCAGAGGCTA_1,Cardiomyocyte cell
898,M1.3.GATTTCTCAGTGACCC_1,Cardiomyocyte cell
899,M1.3.GCAACATCATCGGCCA_1,Cardiomyocyte cell
900,M1.3.GCACGTGGTGGTCTAT_1,Cardiomyocyte cell
901,M1.3.GCAGGCTGTCCGATCG_1,Cardiomyocyte cell
902,M1.3.GCCAGCAGTATTCCTT_1,Cardiomyocyte cell
903,M1.3.GCCAGGTGTCGCTCGA_1,Cardiomyocyte cell
904,M1.3.GCCATTCCAATACAGA_1,Cardiomyocyte cell
905,M1.3.GCCCGAACACAAGTGG_1,Cardiomyocyte cell
906,M1.3.GCCGATGCACCACTGG_1,Cardiomyocyte cell
907,M1.3.GCCGATGGTCCGTACG_1,Cardiomyocyte cell
908,M1.3.GCCGTGAAGAAACTGT_1,Cardiomyocyte cell
909,M1.3.GCCTGTTTCTTCGACC_1,Cardiomyocyte cell
910,M1.3.GCGGATCGTCGCCACA_1,Cardiomyocyte cell
911,M1.3.GCTACCTTCATGCCCT_1,Cardiomyocyte cell
912,M1.3.GCTCAAAAGTGTCATC_1,Cardiomyocyte cell
913,M1.3.GCTGGGTAGTTTGCTG_1,Cardiomyocyte cell
914,M1.3.GCTGGGTGTGCAACGA_1,Cardiomyocyte cell
915,M1.3.GGAATCTTCGCAATTG_1,Cardiomyocyte cell
916,M1.3.GGAATCTTCGTACACA_1,Cardiomyocyte cell
917,M1.3.GGAGAACAGGAACGAA_1,Cardiomyocyte cell
918,M1.3.GGAGGTAAGACCGCCT_1,Cardiomyocyte cell
919,M1.3.GGCACGTGTATGCGTT_1,Cardiomyocyte cell
920,M1.3.GGCACGTGTGCTCGTG_1,Cardiomyocyte cell
921,M1.3.GGCAGTCCAACTGCCG_1,Cardiomyocyte cell
922,M1.3.GGCAGTCGTACACGTT_1,Cardiomyocyte cell
923,M1.3.GGCTTTCTCTCGGCTT_1,Cardiomyocyte cell
924,M1.3.GGGAAGTGTTTGGAAA_1,Cardiomyocyte cell
925,M1.3.GGGACAACAGCTAACT_1,Cardiomyocyte cell
926,M1.3.GGGACCTCAGTCAGCC_1,Cardiomyocyte cell
927,M1.3.GGGACCTCATTCATCT_1,Cardiomyocyte cell
928,M1.3.GGGAGATCAGCGAACA_1,Cardiomyocyte cell
929,M1.3.GGGATGAAGATTCGAA_1,Cardiomyocyte cell
930,M1.3.GGGATGACAGGGAATC_1,Cardiomyocyte cell
931,M1.3.GGGCTACAGTGCAGCA_1,Cardiomyocyte cell
932,M1.3.GGGTATTTCAGCCTCT_1,Cardiomyocyte cell
933,M1.3.GGGTCACCAGCTACCG_1,Cardiomyocyte cell
934,M1.3.GGGTCACGTCACCGAC_1,Cardiomyocyte cell
935,M1.3.GGGTCTGGTGGCCTCA_1,Cardiomyocyte cell
936,M1.3.GGGTGAAAGATACAGT_1,Cardiomyocyte cell
937,M1.3.GGGTGTCAGGTTATAG_1,Cardiomyocyte cell
938,M1.3.GGGTTATAGGTCCGAA_1,Cardiomyocyte cell
939,M1.3.GGGTTATGTCACGACC_1,Cardiomyocyte cell
940,M1.3.GGGTTTAGTTTGATCG_1,Cardiomyocyte cell
941,M1.3.GGGTTTATCTGTTGGA_1,Cardiomyocyte cell
942,M1.3.GGTAACTAGCAGTAAT_1,Cardiomyocyte cell
943,M1.3.GGTAACTTCAGGACAG_1,Cardiomyocyte cell
944,M1.3.GGTAATCGTCCTACGG_1,Cardiomyocyte cell
945,M1.3.GGTAATCGTCGCGTCA_1,Cardiomyocyte cell
946,M1.3.GGTAATCGTTTAGACC_1,Cardiomyocyte cell
947,M1.3.GGTCACGTCATGGGAG_1,Cardiomyocyte cell
948,M1.3.GGTCACGTCATTTGTC_1,Cardiomyocyte cell
949,M1.3.GGTCACGTCCAACTGA_1,Cardiomyocyte cell
950,M1.3.GGTCTGGGTGTACAGG_1,Cardiomyocyte cell
951,M1.3.GGTCTGGTCCCAATAG_1,Cardiomyocyte cell
952,M1.3.GGTGAAGAGCCGCTTG_1,Cardiomyocyte cell
953,M1.3.GGTGATTCAGTAGTTC_1,Cardiomyocyte cell
954,M1.3.GGTGGCTAGGTAAGTT_1,Cardiomyocyte cell
955,M1.3.GGTGTTAAGTCGGCCT_1,Cardiomyocyte cell
956,M1.3.GGTGTTAGTAACGCGA_1,Cardiomyocyte cell
957,M1.3.GGTTCTCTCTGACCCT_1,Cardiomyocyte cell
958,M1.3.GGTTGTAAGCCGATTT_1,Cardiomyocyte cell
959,M1.3.GGTTGTAAGCGTGAAC_1,Cardiomyocyte cell
960,M1.3.GTAACACCAATCTCGA_1,Cardiomyocyte cell
961,M1.3.GTAATCGGTTTCGCTC_1,Cardiomyocyte cell
962,M1.3.GTACAACGTACGATTC_1,Cardiomyocyte cell
963,M1.3.GTAGAAAGTTCCTAAG_1,Cardiomyocyte cell
964,M1.3.GTAGAAATCCCTCATG_1,Cardiomyocyte cell
965,M1.3.GTAGGAGAGACAGCTG_1,Cardiomyocyte cell
966,M1.3.GTAGGAGAGCCATTGT_1,Cardiomyocyte cell
967,M1.3.GTATTGGTCGTCAGAT_1,Cardiomyocyte cell
968,M1.3.GTATTTCCACCAGTTA_1,Cardiomyocyte cell
969,M1.3.GTATTTCCAGCTACTA_1,Cardiomyocyte cell
970,M1.3.GTCAAGTCATACGCAT_1,Cardiomyocyte cell
971,M1.3.GTCAAGTTCATTTGCT_1,Cardiomyocyte cell
972,M1.3.GTCACTCCATGAGGGT_1,Cardiomyocyte cell
973,M1.3.GTCAGCGCAGCTACTA_1,Cardiomyocyte cell
974,M1.3.GTCAGCGGTTGTGGAG_1,Cardiomyocyte cell
975,M1.3.GTCAGCGTCGATTTCT_1,Cardiomyocyte cell
976,M1.3.GTCCACTAGGTACCTT_1,Cardiomyocyte cell
977,M1.3.GTCCACTGTACGACTT_1,Cardiomyocyte cell
978,M1.3.GTCCACTGTGATTAGA_1,Cardiomyocyte cell
979,M1.3.GTCCTCAAGACGCCAA_1,Cardiomyocyte cell
980,M1.3.GTCGTAAAGAAACTAC_1,Cardiomyocyte cell
981,M1.3.GTCGTAACACCCTATC_1,Cardiomyocyte cell
982,M1.3.GTCTACCGTTGGTACT_1,Cardiomyocyte cell
983,M1.3.GTCTACCTCACCGGTG_1,Cardiomyocyte cell
984,M1.3.GTCTGTCAGTCACTCA_1,Cardiomyocyte cell
985,M1.3.GTGATGTCAACGATCT_1,Cardiomyocyte cell
986,M1.3.GTGCAGCGTCCATAGT_1,Cardiomyocyte cell
987,M1.3.GTGGAGACAAGACCTT_1,Cardiomyocyte cell
988,M1.3.GTGTGGCGTGTAGCAG_1,Cardiomyocyte cell
989,M1.3.GTGTTAGGTTAACAGA_1,Cardiomyocyte cell
990,M1.3.GTGTTAGTCATCGGGC_1,Cardiomyocyte cell
991,M1.3.GTGTTCCTCTCGGGAC_1,Cardiomyocyte cell
992,M1.3.GTTACAGTCATTCCTA_1,Cardiomyocyte cell
993,M1.3.GTTACCCGTAACGATA_1,Cardiomyocyte cell
994,M1.3.GTTAGACCAGGTCCCA_1,Cardiomyocyte cell
995,M1.3.GTTAGACGTTCGTACA_1,Cardiomyocyte cell
996,M1.3.GTTCATTTCGAGGCAA_1,Cardiomyocyte cell
997,M1.3.GTTCCGTAGGGCAACT_1,Cardiomyocyte cell
998,M1.3.GTTCCGTCACTCTCGT_1,Cardiomyocyte cell
999,M1.3.GTTCTATCAGTGAGCA_1,Cardiomyocyte cell
